id,person_id,event_type_code,date,location,description,metadata
16cf11bf-c8b6-418c-bc90-ecdb4ec366f3,f8c82fe0-75f3-4691-a6c1-7f5042c7c062,work,2028-07-08,Andreaview,Something owner run.,{}
9cabdd8b-e5a9-4bce-85a7-ad543bee09e0,47327e91-020e-410b-9477-f397a96e0be2,death,2017-10-13,Lake Rachelton,Ok matter behavior those build staff.,{}
2b06a824-4e17-4b80-b19a-5ec0b58e63e7,491eb88b-9b99-46cb-a6bf-734488ab349f,baptism,2020-05-10,Belindaland,Amount kind be reality risk bank parent.,{}
546b9d42-ef2d-4da1-a084-95e4e72493ea,b39196ac-a70b-495f-b603-56708e58b7dc,initiation,2008-01-20,Mayerport,Provide development response front next.,{}
5b9a10d9-cfa9-4652-97ea-4cc15e4379a2,32e41619-3ae0-49a5-83ef-0f64eecc70d3,migration,2030-09-06,Jamesmouth,Owner account information case add.,{}
b84fb1f5-aae3-46d4-a5f8-490d0784cb48,c03ae309-3ad8-497b-a141-de4182fb2dad,baptism,1962-08-17,North Tyler,Accept usually hope any.,{}
23aaa163-0e01-4b71-8377-73fb7e1e4264,c03ae309-3ad8-497b-a141-de4182fb2dad,work,2000-11-13,New Haleyhaven,Wish item food man many including.,{}
385e974a-09dd-4d55-9660-0652e0a4a500,481b3eab-7e76-4f3f-afef-9b8838c51032,death,2000-04-28,New Douglas,Two whatever yourself risk study board.,{}
3fa3073a-d096-4e53-999d-d84e704b39a1,4c145077-16a0-4a7f-a50c-a9c5b44a9d88,death,2013-10-11,Port Matthew,Western recent exist sister environment fly point.,{}
7b548537-ce65-4006-93db-ebee5872a16a,481b3eab-7e76-4f3f-afef-9b8838c51032,education,1982-03-19,Leetown,Action that certain should.,{}
8b496243-a198-454b-81f4-eeb2007ce41c,83779a77-646f-4db3-9b18-6877a6514a2b,baptism,1987-09-11,East Hector,Side smile else.,{}
50cc63a0-bf9c-4f52-9915-aa8b4e39c41c,c03ae309-3ad8-497b-a141-de4182fb2dad,work,1978-01-26,New Anthonychester,Like environment state near affect speech.,{}
1371816b-301a-48d6-953a-3148c4a476d4,9db3a1ac-d2bf-4acd-90c7-f3663bf7d010,death,2003-12-09,Taylorville,Weight clear impact plan generation order.,{}
5bfe644e-cc32-4851-b6a1-73d19e0ac468,83779a77-646f-4db3-9b18-6877a6514a2b,work,2006-11-08,Lake Madeline,Alone difficult meeting popular ten campaign.,{}
f03ca3c8-ace1-42f3-8526-a06e5e732b9c,c03ae309-3ad8-497b-a141-de4182fb2dad,death,1961-09-26,East Darlene,Mrs ball authority leave sound itself.,{}
0256f581-4989-4060-9eb1-0d6a7078dcae,7bba558e-12f6-4b9d-8501-f0592378355d,death,2011-11-17,South George,Card many first little fall radio.,{}
e8387e02-e54b-4643-a3e3-2cad16bb5573,491eb88b-9b99-46cb-a6bf-734488ab349f,work,2037-08-11,West Johnborough,Moment even question service worry.,{}
382ce0cb-0bf5-4414-a4f2-9002ee23b0eb,693026a2-0b48-4fe1-95d4-c19f0619bbd2,work,2026-11-02,Natashabury,Who any lead interesting art.,{}
df588850-405a-48f2-b0cc-2a7d4b212932,32e41619-3ae0-49a5-83ef-0f64eecc70d3,birth,2009-01-11,West Tonyaview,Sense drop number majority rock create yourself.,{}
afe029df-7c6f-4605-bbef-6b3c8f2697d0,47327e91-020e-410b-9477-f397a96e0be2,initiation,2031-08-23,Lake Joshua,Describe remember throughout loss current quickly.,{}
